timestamp,true_reciter,clip,predicted,confidence,gap,correct,duration
2026-05-16T18:54:14.064125,alafasy,alafasy1.mp3,alafasy,11.6,0.1999999999999993,True,30.3950625
2026-05-16T18:54:14.189879,alafasy,alafasy2.mp3,alafasy,11.7,0.29999999999999893,True,30.493125
2026-05-16T18:54:14.422417,alafasy,alafasy3.mp3,alafasy,11.6,0.09999999999999964,True,35.052375
2026-05-16T18:54:14.536754,alafasy,alafasy4.mp3,alafasy,11.6,0.1999999999999993,True,26.059625
2026-05-16T18:54:14.602054,alafasy,alafasy_s2_a10.mp3,alafasy,11.7,0.1999999999999993,True,13.5373125
2026-05-16T18:54:14.654808,alafasy,alafasy_s2_a11.mp3,alafasy,11.7,0.1999999999999993,True,10.62375
2026-05-16T18:54:14.710494,alafasy,alafasy_s2_a12.mp3,alafasy,11.7,0.09999999999999964,True,9.088
2026-05-16T18:54:14.826546,alafasy,alafasy_s2_a13.mp3,alafasy,11.6,0.09999999999999964,True,24.9078125
2026-05-16T18:54:14.942207,alafasy,alafasy_s2_a14.mp3,alafasy,11.7,0.29999999999999893,True,23.7086875
2026-05-16T18:54:14.984138,alafasy,alafasy_s2_a15.mp3,alafasy,11.7,0.09999999999999964,True,7.888875
2026-05-16T18:54:15.044789,alafasy,alafasy_s2_a16.mp3,alafasy,11.6,0.09999999999999964,True,12.5170625
2026-05-16T18:54:15.174744,alafasy,alafasy_s2_a17.mp3,alafasy,11.7,0.1999999999999993,True,21.7101875
2026-05-16T18:54:15.212256,alafasy,alafasy_s2_a18.mp3,alafasy,11.7,0.0,True,7.7626875
2026-05-16T18:54:15.333295,alafasy,alafasy_s2_a19.mp3,alafasy,11.6,0.1999999999999993,True,25.419125
2026-05-16T18:54:15.389129,alafasy,alafasy_s2_a2.mp3,alafasy,11.6,0.09999999999999964,True,8.933
2026-05-16T18:54:15.520067,alafasy,alafasy_s2_a20.mp3,alafasy,11.6,0.1999999999999993,True,30.3950625
2026-05-16T18:54:15.582545,alafasy,alafasy_s2_a21.mp3,alafasy,11.7,0.1999999999999993,True,13.4571875
2026-05-16T18:54:15.720536,alafasy,alafasy_s2_a22.mp3,alafasy,11.7,0.1999999999999993,True,31.007875
2026-05-16T18:54:15.855592,alafasy,alafasy_s2_a23.mp3,alafasy,11.7,0.1999999999999993,True,23.7768125
2026-05-16T18:54:15.919359,alafasy,alafasy_s2_a24.mp3,alafasy,11.5,0.0,True,14.805375
2026-05-16T18:54:16.145666,alafasy,alafasy_s2_a25.mp3,alafasy,11.6,0.1999999999999993,True,38.288
2026-05-16T18:54:16.461638,alafasy,alafasy_s2_a26.mp3,alafasy,11.7,0.1999999999999993,True,43.092375
2026-05-16T18:54:16.566526,alafasy,alafasy_s2_a27.mp3,alafasy,11.7,0.1999999999999993,True,23.433625
2026-05-16T18:54:16.649565,alafasy,alafasy_s2_a28.mp3,alafasy,11.7,0.1999999999999993,True,17.918375
2026-05-16T18:54:16.748696,alafasy,alafasy_s2_a29.mp3,alafasy,11.7,0.1999999999999993,True,21.64425
2026-05-16T18:54:16.811407,alafasy,alafasy_s2_a3.mp3,alafasy,11.7,0.09999999999999964,True,11.3683125
2026-05-16T18:54:16.945251,alafasy,alafasy_s2_a30.mp3,alafasy,11.7,0.29999999999999893,True,30.493125
2026-05-16T18:54:17.062824,alafasy,alafasy_s2_a31.mp3,alafasy,11.7,0.1999999999999993,True,27.1595
2026-05-16T18:54:17.129820,alafasy,alafasy_s2_a32.mp3,alafasy,11.6,0.09999999999999964,True,14.1190625
2026-05-16T18:54:17.321668,alafasy,alafasy_s2_a33.mp3,alafasy,11.6,0.09999999999999964,True,35.052375
2026-05-16T18:54:17.395862,alafasy,alafasy_s2_a34.mp3,ghamadi,11.7,0.09999999999999964,False,16.7663125
2026-05-16T18:54:17.503169,alafasy,alafasy_s2_a35.mp3,alafasy,11.6,0.1999999999999993,True,20.4921875
2026-05-16T18:54:17.602408,alafasy,alafasy_s2_a36.mp3,alafasy,11.6,0.09999999999999964,True,21.2275625
2026-05-16T18:54:17.680776,alafasy,alafasy_s2_a37.mp3,alafasy,11.6,0.09999999999999964,True,15.5945625
2026-05-16T18:54:17.778871,alafasy,alafasy_s2_a38.mp3,alafasy,11.7,0.29999999999999893,True,18.0508125
2026-05-16T18:54:17.880836,alafasy,alafasy_s2_a39.mp3,alafasy,11.7,0.09999999999999964,True,17.53675
2026-05-16T18:54:17.984332,alafasy,alafasy_s2_a4.mp3,alafasy,11.7,0.1999999999999993,True,15.773875
2026-05-16T18:54:18.071540,alafasy,alafasy_s2_a40.mp3,alafasy,11.6,0.1999999999999993,True,21.857
2026-05-16T18:54:18.201315,alafasy,alafasy_s2_a41.mp3,alafasy,11.7,0.29999999999999893,True,22.0636875
2026-05-16T18:54:18.285772,alafasy,alafasy_s2_a42.mp3,alafasy,11.7,0.1999999999999993,True,9.5075625
2026-05-16T18:54:18.323057,alafasy,alafasy_s2_a43.mp3,alafasy,11.6,0.1999999999999993,True,7.923
2026-05-16T18:54:18.426051,alafasy,alafasy_s2_a44.mp3,alafasy,11.7,0.1999999999999993,True,16.29375
2026-05-16T18:54:18.481938,alafasy,alafasy_s2_a45.mp3,alafasy,11.6,0.1999999999999993,True,12.2978125
2026-05-16T18:54:18.545613,alafasy,alafasy_s2_a46.mp3,alafasy,11.6,0.09999999999999964,True,12.7628125
2026-05-16T18:54:18.628709,alafasy,alafasy_s2_a47.mp3,alafasy,11.6,0.09999999999999964,True,17.3099375
2026-05-16T18:54:18.728265,alafasy,alafasy_s2_a48.mp3,alafasy,11.7,0.29999999999999893,True,22.6665
2026-05-16T18:54:18.870324,alafasy,alafasy_s2_a49.mp3,alafasy,11.6,0.1999999999999993,True,26.059625
2026-05-16T18:54:18.948525,alafasy,alafasy_s2_a5.mp3,alafasy,11.7,0.09999999999999964,True,11.324
2026-05-16T18:54:19.043262,alafasy,alafasy_s2_a50.mp3,alafasy,11.6,0.1999999999999993,True,15.099875
2026-05-16T18:54:19.107236,alafasy,alafasy_s2_a51.mp3,alafasy,11.7,0.29999999999999893,True,15.535875
2026-05-16T18:54:19.170904,alafasy,alafasy_s2_a6.mp3,alafasy,11.7,0.1999999999999993,True,12.5748125
2026-05-16T18:54:19.293053,alafasy,alafasy_s2_a7.mp3,alafasy,11.6,0.1999999999999993,True,13.261125
2026-05-16T18:54:19.344749,alafasy,alafasy_s2_a8.mp3,alafasy,11.7,0.1999999999999993,True,11.99925
2026-05-16T18:54:19.406706,alafasy,alafasy_s2_a9.mp3,alafasy,11.7,0.1999999999999993,True,12.5275625
2026-05-16T18:54:19.441024,alafasy,alafasy_s55_a1.mp3,alafasy,11.8,0.3000000000000007,True,4.5601875
2026-05-16T18:54:19.477981,alafasy,alafasy_s55_a10.mp3,alafasy,11.7,0.09999999999999964,True,5.8301875
2026-05-16T18:54:19.585538,alafasy,alafasy_s55_a11.mp3,alafasy,11.7,0.0,True,9.6509375
2026-05-16T18:54:19.617320,alafasy,alafasy_s55_a12.mp3,alafasy,11.7,0.1999999999999993,True,6.5705625
2026-05-16T18:54:19.659538,alafasy,alafasy_s55_a13.mp3,alafasy,11.7,0.29999999999999893,True,9.5848125
2026-05-16T18:54:19.740712,alafasy,alafasy_s55_a14.mp3,alafasy,11.8,0.20000000000000107,True,10.8671875
2026-05-16T18:54:19.801426,alafasy,alafasy_s55_a15.mp3,alafasy,11.8,0.20000000000000107,True,11.9380625
2026-05-16T18:54:19.828147,alafasy,alafasy_s55_a2.mp3,alafasy,11.7,0.1999999999999993,True,4.7425
2026-05-16T18:54:19.860949,alafasy,alafasy_s55_a3.mp3,alafasy,11.8,0.3000000000000007,True,5.47325
2026-05-16T18:54:19.885837,alafasy,alafasy_s55_a4.mp3,alafasy,11.8,0.3000000000000007,True,4.878375
2026-05-16T18:54:19.921383,alafasy,alafasy_s55_a5.mp3,alafasy,11.6,0.09999999999999964,True,6.2665
2026-05-16T18:54:19.954475,alafasy,alafasy_s55_a6.mp3,alafasy,11.6,0.0,True,6.3325625
2026-05-16T18:54:19.999647,alafasy,alafasy_s55_a7.mp3,alafasy,11.7,0.29999999999999893,True,8.4081875
2026-05-16T18:54:20.032137,alafasy,alafasy_s55_a8.mp3,alafasy,11.7,0.29999999999999893,True,5.9095625
2026-05-16T18:54:20.093623,alafasy,alafasy_s55_a9.mp3,alafasy,11.7,0.09999999999999964,True,8.38175
2026-05-16T18:54:20.139553,alafasy,alafasy_s67_a1.mp3,alafasy,11.7,0.0,True,10.7344375
2026-05-16T18:54:20.203695,alafasy,alafasy_s67_a10.mp3,alafasy,11.6,0.0,True,12.799875
2026-05-16T18:54:20.297429,alafasy,alafasy_s67_a2.mp3,alafasy,11.7,0.0,True,13.847125
2026-05-16T18:54:20.379588,alafasy,alafasy_s67_a3.mp3,alafasy,11.7,0.09999999999999964,True,18.996125
2026-05-16T18:54:20.448973,alafasy,alafasy_s67_a4.mp3,shatri,11.7,0.09999999999999964,False,12.858
2026-05-16T18:54:20.543289,alafasy,alafasy_s67_a5.mp3,alafasy,11.7,0.09999999999999964,True,19.7815625
2026-05-16T18:54:20.639591,alafasy,alafasy_s67_a6.mp3,alafasy,11.6,0.0,True,10.3853125
2026-05-16T18:54:20.701979,alafasy,alafasy_s67_a7.mp3,alafasy,11.7,0.0,True,10.85075
2026-05-16T18:54:20.801252,alafasy,alafasy_s67_a8.mp3,alafasy,11.6,0.0,True,18.9088125
2026-05-16T18:54:20.895748,alafasy,alafasy_s67_a9.mp3,alafasy,11.6,0.0,True,20.4215625
2026-05-16T18:54:20.980430,basfar,basfar_s2_a10.mp3,basfar,11.8,0.10000000000000142,True,16.6645
2026-05-16T18:54:21.069400,basfar,basfar_s2_a11.mp3,basfar,11.9,0.20000000000000107,True,12.5375625
2026-05-16T18:54:21.144895,basfar,basfar_s2_a12.mp3,basfar,12.0,0.3000000000000007,True,9.716625
2026-05-16T18:54:21.285260,basfar,basfar_s2_a13.mp3,basfar,12.0,0.3000000000000007,True,26.1460625
2026-05-16T18:54:21.406558,basfar,basfar_s2_a14.mp3,basfar,11.9,0.20000000000000107,True,27.60875
2026-05-16T18:54:21.454554,basfar,basfar_s2_a15.mp3,basfar,12.1,0.1999999999999993,True,9.768875
2026-05-16T18:54:21.522221,basfar,basfar_s2_a16.mp3,basfar,12.3,0.40000000000000036,True,14.6533125
2026-05-16T18:54:21.632900,basfar,basfar_s2_a17.mp3,basfar,12.1,0.40000000000000036,True,26.877375
2026-05-16T18:54:21.689046,basfar,basfar_s2_a18.mp3,basfar,11.9,0.20000000000000107,True,9.716625
2026-05-16T18:54:21.838761,basfar,basfar_s2_a19.mp3,basfar,12.1,0.40000000000000036,True,30.5603125
2026-05-16T18:54:21.895392,basfar,basfar_s2_a2.mp3,basfar,12.1,0.29999999999999893,True,10.160625
2026-05-16T18:54:22.163797,basfar,basfar_s2_a20.mp3,basfar,12.3,0.5,True,39.3626875
2026-05-16T18:54:22.244694,basfar,basfar_s2_a21.mp3,basfar,12.1,0.29999999999999893,True,16.089875
2026-05-16T18:54:22.506491,basfar,basfar_s2_a22.mp3,basfar,12.2,0.29999999999999893,True,35.1051875
2026-05-16T18:54:22.709578,basfar,basfar_s2_a23.mp3,basfar,12.2,0.3999999999999986,True,33.6946875
2026-05-16T18:54:22.800867,basfar,basfar_s2_a24.mp3,basfar,12.1,0.29999999999999893,True,18.4145625
2026-05-16T18:54:23.059834,basfar,basfar_s2_a25.mp3,basfar,12.2,0.29999999999999893,True,47.8778125
2026-05-16T18:54:23.403123,basfar,basfar_s2_a26.mp3,basfar,12.2,0.5,True,55.4003125
2026-05-16T18:54:23.510213,basfar,basfar_s2_a27.mp3,basfar,12.1,0.40000000000000036,True,26.19825
2026-05-16T18:54:23.606689,basfar,basfar_s2_a28.mp3,basfar,12.1,0.1999999999999993,True,19.0675625
2026-05-16T18:54:23.717563,basfar,basfar_s2_a29.mp3,basfar,12.1,0.5,True,24.1348125
2026-05-16T18:54:23.777884,basfar,basfar_s2_a3.mp3,basfar,11.8,0.10000000000000142,True,12.79875
2026-05-16T18:54:23.998549,basfar,basfar_s2_a30.mp3,basfar,12.1,0.40000000000000036,True,35.99325
2026-05-16T18:54:24.132465,basfar,basfar_s2_a31.mp3,basfar,12.2,0.5,True,30.690875
2026-05-16T18:54:24.216964,basfar,basfar_s2_a32.mp3,basfar,12.2,0.5,True,16.142125
2026-05-16T18:54:24.467370,basfar,basfar_s2_a33.mp3,basfar,12.1,0.40000000000000036,True,40.485875
2026-05-16T18:54:24.543675,basfar,basfar_s2_a34.mp3,basfar,12.1,0.40000000000000036,True,17.1346875
2026-05-16T18:54:24.678366,basfar,basfar_s2_a35.mp3,basfar,12.1,0.40000000000000036,True,29.176
2026-05-16T18:54:24.790422,basfar,basfar_s2_a36.mp3,basfar,12.2,0.29999999999999893,True,26.929625
2026-05-16T18:54:24.878359,basfar,basfar_s2_a37.mp3,basfar,12.2,0.3999999999999986,True,17.866
2026-05-16T18:54:24.977622,basfar,basfar_s2_a38.mp3,basfar,11.9,0.20000000000000107,True,21.4988125
2026-05-16T18:54:25.069230,basfar,basfar_s2_a39.mp3,basfar,12.1,0.40000000000000036,True,18.2316875
2026-05-16T18:54:25.160892,basfar,basfar_s2_a4.mp3,basfar,11.7,0.0,True,16.27275
2026-05-16T18:54:25.246010,basfar,basfar_s2_a40.mp3,basfar,11.9,0.20000000000000107,True,19.22425
2026-05-16T18:54:25.380424,basfar,basfar_s2_a41.mp3,basfar,12.1,0.40000000000000036,True,28.888625
2026-05-16T18:54:25.444175,basfar,basfar_s2_a42.mp3,basfar,11.9,0.20000000000000107,True,10.39575
2026-05-16T18:54:25.493548,basfar,basfar_s2_a43.mp3,basfar,12.3,0.40000000000000036,True,9.1419375
2026-05-16T18:54:25.603350,basfar,basfar_s2_a44.mp3,basfar,12.2,0.29999999999999893,True,19.9295
2026-05-16T18:54:25.686969,basfar,basfar_s2_a45.mp3,basfar,12.5,0.5999999999999996,True,15.332375
2026-05-16T18:54:25.768238,basfar,basfar_s2_a46.mp3,basfar,12.1,0.29999999999999893,True,14.6533125
2026-05-16T18:54:25.844725,basfar,basfar_s2_a47.mp3,basfar,12.1,0.40000000000000036,True,17.7354375
2026-05-16T18:54:25.969227,basfar,basfar_s2_a48.mp3,basfar,12.3,0.40000000000000036,True,27.2169375
2026-05-16T18:54:26.099492,basfar,basfar_s2_a49.mp3,basfar,12.1,0.40000000000000036,True,28.81025
2026-05-16T18:54:26.154934,basfar,basfar_s2_a5.mp3,basfar,11.9,0.20000000000000107,True,11.623375
2026-05-16T18:54:26.227727,basfar,basfar_s2_a50.mp3,basfar,11.9,0.20000000000000107,True,15.1756875
2026-05-16T18:54:26.311083,basfar,basfar_s2_a51.mp3,basfar,11.9,0.20000000000000107,True,16.9518125
2026-05-16T18:54:26.384708,basfar,basfar_s2_a6.mp3,basfar,11.9,0.20000000000000107,True,15.0973125
2026-05-16T18:54:26.464845,basfar,basfar_s2_a7.mp3,basfar,12.0,0.40000000000000036,True,16.690625
2026-05-16T18:54:26.546005,basfar,basfar_s2_a8.mp3,basfar,11.8,0.10000000000000142,True,13.8175
2026-05-16T18:54:26.612469,basfar,basfar_s2_a9.mp3,basfar,12.0,0.40000000000000036,True,13.530125
2026-05-16T18:54:26.677390,bukhatir,bukhatir_s2_a10.mp3,bukhatir,12.1,0.6999999999999993,True,11.0236875
2026-05-16T18:54:26.718601,bukhatir,bukhatir_s2_a11.mp3,bukhatir,11.9,0.5999999999999996,True,7.889
2026-05-16T18:54:26.755508,bukhatir,bukhatir_s2_a12.mp3,bukhatir,11.9,0.5999999999999996,True,6.45225
2026-05-16T18:54:26.870301,bukhatir,bukhatir_s2_a13.mp3,bukhatir,12.0,0.5999999999999996,True,18.338
2026-05-16T18:54:26.940739,bukhatir,bukhatir_s2_a14.mp3,bukhatir,12.0,0.5999999999999996,True,14.13225
2026-05-16T18:54:26.988221,bukhatir,bukhatir_s2_a15.mp3,bukhatir,11.9,0.5999999999999996,True,6.791875
2026-05-16T18:54:27.043133,bukhatir,bukhatir_s2_a16.mp3,bukhatir,12.0,0.5,True,10.475125
2026-05-16T18:54:27.119134,bukhatir,bukhatir_s2_a17.mp3,bukhatir,12.0,0.5999999999999996,True,16.2481875
2026-05-16T18:54:27.155010,bukhatir,bukhatir_s2_a18.mp3,bukhatir,12.0,0.5999999999999996,True,5.8253125
2026-05-16T18:54:27.261826,bukhatir,bukhatir_s2_a19.mp3,bukhatir,12.1,0.5999999999999996,True,18.7298125
2026-05-16T18:54:27.297123,bukhatir,bukhatir_s2_a2.mp3,bukhatir,11.7,0.3999999999999986,True,6.2171875
2026-05-16T18:54:27.419551,bukhatir,bukhatir_s2_a20.mp3,bukhatir,12.1,0.5999999999999996,True,23.7714375
2026-05-16T18:54:27.474508,bukhatir,bukhatir_s2_a21.mp3,bukhatir,11.9,0.5,True,10.0310625
2026-05-16T18:54:27.596917,bukhatir,bukhatir_s2_a22.mp3,bukhatir,12.1,0.5,True,26.096375
2026-05-16T18:54:27.685893,bukhatir,bukhatir_s2_a23.mp3,bukhatir,12.1,0.6999999999999993,True,18.259625
2026-05-16T18:54:27.750051,bukhatir,bukhatir_s2_a24.mp3,bukhatir,11.9,0.5,True,12.2775625
2026-05-16T18:54:27.973492,bukhatir,bukhatir_s2_a25.mp3,bukhatir,12.0,0.5,True,34.2988125
2026-05-16T18:54:28.199900,bukhatir,bukhatir_s2_a26.mp3,bukhatir,12.1,0.5999999999999996,True,33.2539375
2026-05-16T18:54:28.279174,bukhatir,bukhatir_s2_a27.mp3,bukhatir,12.0,0.5999999999999996,True,16.1436875
2026-05-16T18:54:28.346692,bukhatir,bukhatir_s2_a28.mp3,bukhatir,12.0,0.5999999999999996,True,14.0278125
2026-05-16T18:54:28.535397,bukhatir,bukhatir_s2_a29.mp3,bukhatir,11.8,0.40000000000000036,True,19.591875
2026-05-16T18:54:28.576048,bukhatir,bukhatir_s2_a3.mp3,bukhatir,11.8,0.5,True,9.9788125
2026-05-16T18:54:28.719835,bukhatir,bukhatir_s2_a30.mp3,bukhatir,11.9,0.5,True,26.148625
2026-05-16T18:54:28.835295,bukhatir,bukhatir_s2_a31.mp3,bukhatir,12.0,0.5,True,19.2
2026-05-16T18:54:28.879354,bukhatir,bukhatir_s2_a32.mp3,bukhatir,12.0,0.3000000000000007,True,9.9004375
2026-05-16T18:54:28.995447,bukhatir,bukhatir_s2_a33.mp3,bukhatir,12.0,0.40000000000000036,True,24.0326875
2026-05-16T18:54:29.058071,bukhatir,bukhatir_s2_a34.mp3,bukhatir,12.0,0.40000000000000036,True,11.598375
2026-05-16T18:54:29.142429,bukhatir,bukhatir_s2_a35.mp3,bukhatir,12.0,0.40000000000000036,True,15.36
2026-05-16T18:54:29.218686,bukhatir,bukhatir_s2_a36.mp3,bukhatir,12.0,0.5999999999999996,True,16.1175625
2026-05-16T18:54:29.275048,bukhatir,bukhatir_s2_a37.mp3,bukhatir,11.9,0.40000000000000036,True,9.560875
2026-05-16T18:54:29.361344,bukhatir,bukhatir_s2_a38.mp3,bukhatir,12.0,0.5999999999999996,True,16.666125
2026-05-16T18:54:29.427548,bukhatir,bukhatir_s2_a39.mp3,bukhatir,12.0,0.5,True,10.1616875
2026-05-16T18:54:29.472282,bukhatir,bukhatir_s2_a4.mp3,bukhatir,11.8,0.5,True,11.598375
2026-05-16T18:54:29.543141,bukhatir,bukhatir_s2_a40.mp3,bukhatir,11.9,0.5,True,13.37475
2026-05-16T18:54:29.628117,bukhatir,bukhatir_s2_a41.mp3,bukhatir,12.0,0.5,True,16.3265625
2026-05-16T18:54:29.673862,bukhatir,bukhatir_s2_a42.mp3,bukhatir,11.9,0.40000000000000036,True,7.3926875
2026-05-16T18:54:29.711348,bukhatir,bukhatir_s2_a43.mp3,bukhatir,11.9,0.40000000000000036,True,6.2955625
2026-05-16T18:54:29.787108,bukhatir,bukhatir_s2_a44.mp3,bukhatir,11.9,0.5,True,12.5910625
2026-05-16T18:54:29.865370,bukhatir,bukhatir_s2_a45.mp3,bukhatir,12.0,0.5,True,8.307
2026-05-16T18:54:29.943479,bukhatir,bukhatir_s2_a46.mp3,bukhatir,11.8,0.5,True,13.1135
2026-05-16T18:54:30.012260,bukhatir,bukhatir_s2_a47.mp3,bukhatir,11.9,0.5,True,12.5388125
2026-05-16T18:54:30.094273,bukhatir,bukhatir_s2_a48.mp3,bukhatir,12.0,0.5,True,15.41225
2026-05-16T18:54:30.213225,bukhatir,bukhatir_s2_a49.mp3,bukhatir,12.0,0.5,True,22.360875
2026-05-16T18:54:30.278518,bukhatir,bukhatir_s2_a5.mp3,bukhatir,11.8,0.5,True,9.9788125
2026-05-16T18:54:30.339798,bukhatir,bukhatir_s2_a50.mp3,bukhatir,12.0,0.5,True,10.1878125
2026-05-16T18:54:30.394183,bukhatir,bukhatir_s2_a51.mp3,bukhatir,12.0,0.5,True,11.1020625
2026-05-16T18:54:30.461533,bukhatir,bukhatir_s2_a6.mp3,bukhatir,12.0,0.5999999999999996,True,13.139625
2026-05-16T18:54:30.550624,bukhatir,bukhatir_s2_a7.mp3,bukhatir,11.9,0.5999999999999996,True,11.3633125
2026-05-16T18:54:30.599198,bukhatir,bukhatir_s2_a8.mp3,bukhatir,12.1,0.6999999999999993,True,9.9265625
2026-05-16T18:54:30.682260,bukhatir,bukhatir_s2_a9.mp3,bukhatir,12.0,0.5999999999999996,True,9.9526875
2026-05-16T18:54:30.775000,dussary,dussary_s2_a10.mp3,dussary,12.1,0.40000000000000036,True,14.3935
2026-05-16T18:54:30.824161,dussary,dussary_s2_a11.mp3,dussary,12.0,0.1999999999999993,True,9.9004375
2026-05-16T18:54:30.865532,dussary,dussary_s2_a12.mp3,dussary,12.2,0.5,True,8.8816875
2026-05-16T18:54:30.998578,dussary,dussary_s2_a13.mp3,dussary,12.3,0.6000000000000014,True,25.7045
2026-05-16T18:54:31.081486,dussary,dussary_s2_a14.mp3,dussary,12.1,0.40000000000000036,True,19.46125
2026-05-16T18:54:31.130239,dussary,dussary_s2_a15.mp3,dussary,11.9,0.20000000000000107,True,8.4898125
2026-05-16T18:54:31.218291,dussary,dussary_s2_a16.mp3,dussary,12.1,0.5,True,13.06125
2026-05-16T18:54:31.304182,dussary,dussary_s2_a17.mp3,dussary,12.2,0.5999999999999996,True,20.715125
2026-05-16T18:54:31.350497,dussary,dussary_s2_a18.mp3,dussary,12.1,0.29999999999999893,True,8.071875
2026-05-16T18:54:31.463706,dussary,dussary_s2_a19.mp3,dussary,12.2,0.5,True,24.764125
2026-05-16T18:54:31.508902,dussary,dussary_s2_a2.mp3,dussary,11.6,0.09999999999999964,True,7.706125
2026-05-16T18:54:31.740406,dussary,dussary_s2_a20.mp3,dussary,12.0,0.40000000000000036,True,33.9591875
2026-05-16T18:54:31.801427,dussary,dussary_s2_a21.mp3,dussary,11.6,0.0,True,14.367375
2026-05-16T18:54:32.045906,dussary,dussary_s2_a22.mp3,dussary,12.0,0.5,True,34.1943125
2026-05-16T18:54:32.177177,dussary,dussary_s2_a23.mp3,dussary,12.1,0.5,True,32.7314375
2026-05-16T18:54:32.311566,dussary,dussary_s2_a24.mp3,dussary,12.1,0.5999999999999996,True,21.2114375
2026-05-16T18:54:32.613434,dussary,dussary_s2_a25.mp3,dussary,12.0,0.5,True,49.3714375
2026-05-16T18:54:32.856520,dussary,dussary_s2_a26.mp3,dussary,12.0,0.40000000000000036,True,39.94125
2026-05-16T18:54:32.955146,dussary,dussary_s2_a27.mp3,dussary,12.1,0.5,True,25.75675
2026-05-16T18:54:33.027184,dussary,dussary_s2_a28.mp3,dussary,12.0,0.5,True,17.4498125
2026-05-16T18:54:33.146072,dussary,dussary_s2_a29.mp3,dussary,12.4,0.7000000000000011,True,28.656375
2026-05-16T18:54:33.228387,dussary,dussary_s2_a3.mp3,dussary,11.8,0.10000000000000142,True,10.9975625
2026-05-16T18:54:33.482244,dussary,dussary_s2_a30.mp3,dussary,12.2,0.5999999999999996,True,33.2539375
2026-05-16T18:54:33.755814,dussary,dussary_s2_a31.mp3,dussary,12.6,0.7999999999999989,True,37.27675
2026-05-16T18:54:33.811050,dussary,dussary_s2_a32.mp3,dussary,12.6,0.9000000000000004,True,12.7216875
2026-05-16T18:54:34.016324,dussary,dussary_s2_a33.mp3,dussary,12.1,0.5999999999999996,True,35.4743125
2026-05-16T18:54:34.093796,dussary,dussary_s2_a34.mp3,dussary,12.1,0.5,True,17.6588125
2026-05-16T18:54:34.190374,dussary,dussary_s2_a35.mp3,dussary,12.2,0.6999999999999993,True,18.416375
2026-05-16T18:54:34.277844,dussary,dussary_s2_a36.mp3,dussary,12.1,0.5,True,19.330625
2026-05-16T18:54:34.336251,dussary,dussary_s2_a37.mp3,dussary,12.1,0.6999999999999993,True,13.427
2026-05-16T18:54:34.418125,dussary,dussary_s2_a38.mp3,dussary,12.3,0.6000000000000014,True,20.767375
2026-05-16T18:54:34.505306,dussary,dussary_s2_a39.mp3,dussary,12.6,0.7999999999999989,True,20.63675
2026-05-16T18:54:34.612540,dussary,dussary_s2_a4.mp3,dussary,12.0,0.40000000000000036,True,17.946125
2026-05-16T18:54:34.732065,dussary,dussary_s2_a40.mp3,dussary,12.3,0.7000000000000011,True,20.924125
2026-05-16T18:54:34.850982,dussary,dussary_s2_a41.mp3,dussary,12.5,0.8000000000000007,True,27.1935
2026-05-16T18:54:34.909938,dussary,dussary_s2_a42.mp3,dussary,12.3,0.7000000000000011,True,8.7771875
2026-05-16T18:54:34.971540,dussary,dussary_s2_a43.mp3,dussary,11.7,0.29999999999999893,True,11.3110625
2026-05-16T18:54:35.074589,dussary,dussary_s2_a44.mp3,dussary,11.8,0.3000000000000007,True,15.72575
2026-05-16T18:54:35.126633,dussary,dussary_s2_a45.mp3,dussary,12.1,0.5999999999999996,True,10.0833125
2026-05-16T18:54:35.178780,dussary,dussary_s2_a46.mp3,dussary,12.1,0.5,True,11.938
2026-05-16T18:54:35.242691,dussary,dussary_s2_a47.mp3,dussary,12.1,0.40000000000000036,True,14.262875
2026-05-16T18:54:35.377167,dussary,dussary_s2_a48.mp3,dussary,12.2,0.5,True,22.151875
2026-05-16T18:54:35.501061,dussary,dussary_s2_a49.mp3,dussary,12.3,0.7000000000000011,True,24.9730625
2026-05-16T18:54:35.550344,dussary,dussary_s2_a5.mp3,dussary,12.0,0.40000000000000036,True,10.0571875
2026-05-16T18:54:35.666307,dussary,dussary_s2_a50.mp3,dussary,12.5,0.8000000000000007,True,18.9126875
2026-05-16T18:54:35.745743,dussary,dussary_s2_a51.mp3,dussary,12.2,0.5,True,18.28575
2026-05-16T18:54:35.820524,dussary,dussary_s2_a6.mp3,dussary,12.0,0.3000000000000007,True,16.5094375
2026-05-16T18:54:35.888456,dussary,dussary_s2_a7.mp3,dussary,12.1,0.40000000000000036,True,13.1135
2026-05-16T18:54:35.951458,dussary,dussary_s2_a8.mp3,dussary,12.2,0.5,True,12.1991875
2026-05-16T18:54:36.067174,dussary,dussary_s2_a9.mp3,dussary,12.3,0.6000000000000014,True,18.416375
2026-05-16T18:54:36.094708,dussary,dussary_s55_a1.mp3,dussary,11.8,0.3000000000000007,True,4.5714375
2026-05-16T18:54:36.119801,dussary,dussary_s55_a10.mp3,dussary,12.7,1.0,True,4.049
2026-05-16T18:54:36.161233,dussary,dussary_s55_a11.mp3,dussary,12.2,0.5,True,7.000875
2026-05-16T18:54:36.195312,dussary,dussary_s55_a12.mp3,dussary,12.2,0.7999999999999989,True,4.31025
2026-05-16T18:54:36.244956,dussary,dussary_s55_a13.mp3,dussary,12.4,0.9000000000000004,True,8.019625
2026-05-16T18:54:36.293218,dussary,dussary_s55_a14.mp3,dussary,12.3,0.9000000000000004,True,8.3330625
2026-05-16T18:54:36.368562,dussary,dussary_s55_a15.mp3,dussary,12.8,0.8000000000000007,True,9.299625
2026-05-16T18:54:36.394929,dussary,dussary_s55_a2.mp3,dussary,12.1,0.5,True,4.336375
2026-05-16T18:54:36.412557,dussary,dussary_s55_a3.mp3,dussary,12.1,0.5999999999999996,True,2.795125
2026-05-16T18:54:36.436393,dussary,dussary_s55_a4.mp3,dussary,12.0,0.5,True,3.7355625
2026-05-16T18:54:36.460412,dussary,dussary_s55_a5.mp3,dussary,12.3,0.8000000000000007,True,3.8139375
2026-05-16T18:54:36.494070,dussary,dussary_s55_a6.mp3,dussary,12.4,0.7000000000000011,True,4.9110625
2026-05-16T18:54:36.530523,dussary,dussary_s55_a7.mp3,dussary,12.3,0.6000000000000014,True,6.97475
2026-05-16T18:54:36.555676,dussary,dussary_s55_a8.mp3,dussary,12.1,0.6999999999999993,True,4.10125
2026-05-16T18:54:36.595209,dussary,dussary_s55_a9.mp3,dussary,12.2,0.6999999999999993,True,6.1910625
2026-05-16T18:54:36.634458,dussary,dussary_s67_a1.mp3,dussary,11.6,0.09999999999999964,True,8.04575
2026-05-16T18:54:36.791328,dussary,dussary_s67_a10.mp3,dussary,12.2,0.5999999999999996,True,10.50125
2026-05-16T18:54:36.835906,dussary,dussary_s67_a2.mp3,dussary,11.9,0.40000000000000036,True,11.3110625
2026-05-16T18:54:36.934887,dussary,dussary_s67_a3.mp3,dussary,11.9,0.40000000000000036,True,16.4310625
2026-05-16T18:54:36.978752,dussary,dussary_s67_a4.mp3,dussary,12.0,0.5,True,9.8220625
2026-05-16T18:54:37.048446,dussary,dussary_s67_a5.mp3,dussary,12.1,0.5,True,14.628625
2026-05-16T18:54:37.093672,dussary,dussary_s67_a6.mp3,dussary,12.0,0.40000000000000036,True,8.6204375
2026-05-16T18:54:37.143584,dussary,dussary_s67_a7.mp3,dussary,12.3,0.7000000000000011,True,8.04575
2026-05-16T18:54:37.229738,dussary,dussary_s67_a8.mp3,dussary,12.2,0.6999999999999993,True,19.435125
2026-05-16T18:54:37.342715,dussary,dussary_s67_a9.mp3,dussary,12.2,0.5999999999999996,True,19.278375
2026-05-16T18:54:37.394642,ghamadi,ghamadi_s2_a10.mp3,ghamadi,11.8,0.20000000000000107,True,15.3145625
2026-05-16T18:54:37.429439,ghamadi,ghamadi_s2_a11.mp3,ghamadi,11.9,0.3000000000000007,True,10.470125
2026-05-16T18:54:37.462309,ghamadi,ghamadi_s2_a12.mp3,ghamadi,11.9,0.3000000000000007,True,8.75125
2026-05-16T18:54:37.535405,ghamadi,ghamadi_s2_a13.mp3,ghamadi,11.9,0.3000000000000007,True,25.8628125
2026-05-16T18:54:37.598570,ghamadi,ghamadi_s2_a14.mp3,ghamadi,11.8,0.20000000000000107,True,18.856625
2026-05-16T18:54:37.628319,ghamadi,ghamadi_s2_a15.mp3,ghamadi,11.9,0.20000000000000107,True,9.272125
2026-05-16T18:54:37.693961,ghamadi,ghamadi_s2_a16.mp3,ghamadi,11.9,0.40000000000000036,True,12.6580625
2026-05-16T18:54:37.768531,ghamadi,ghamadi_s2_a17.mp3,ghamadi,11.9,0.3000000000000007,True,22.346625
2026-05-16T18:54:37.791169,ghamadi,ghamadi_s2_a18.mp3,ghamadi,11.9,0.3000000000000007,True,7.9438125
2026-05-16T18:54:37.849722,ghamadi,ghamadi_s2_a19.mp3,ghamadi,11.9,0.3000000000000007,True,24.768875
2026-05-16T18:54:37.872116,ghamadi,ghamadi_s2_a2.mp3,ghamadi,12.0,0.40000000000000036,True,6.844125
2026-05-16T18:54:37.957235,ghamadi,ghamadi_s2_a20.mp3,ghamadi,11.9,0.3000000000000007,True,31.097875
2026-05-16T18:54:38.009197,ghamadi,ghamadi_s2_a21.mp3,ghamadi,11.9,0.20000000000000107,True,14.8198125
2026-05-16T18:54:38.081970,ghamadi,ghamadi_s2_a22.mp3,ghamadi,11.9,0.3000000000000007,True,29.5445
2026-05-16T18:54:38.147072,ghamadi,ghamadi_s2_a23.mp3,ghamadi,11.9,0.3000000000000007,True,26.2275625
2026-05-16T18:54:38.226278,ghamadi,ghamadi_s2_a24.mp3,ghamadi,11.9,0.3000000000000007,True,14.9681875
2026-05-16T18:54:38.409285,ghamadi,ghamadi_s2_a25.mp3,ghamadi,11.9,0.3000000000000007,True,37.58325
2026-05-16T18:54:38.606781,ghamadi,ghamadi_s2_a26.mp3,ghamadi,11.9,0.3000000000000007,True,44.7216875
2026-05-16T18:54:38.690549,ghamadi,ghamadi_s2_a27.mp3,ghamadi,11.9,0.3000000000000007,True,24.9251875
2026-05-16T18:54:38.730822,ghamadi,ghamadi_s2_a28.mp3,ghamadi,11.8,0.20000000000000107,True,16.4310625
2026-05-16T18:54:38.826486,ghamadi,ghamadi_s2_a29.mp3,ghamadi,11.9,0.3000000000000007,True,26.6961875
2026-05-16T18:54:38.889538,ghamadi,ghamadi_s2_a3.mp3,ghamadi,11.9,0.3000000000000007,True,10.6265
2026-05-16T18:54:39.060086,ghamadi,ghamadi_s2_a30.mp3,ghamadi,11.9,0.3000000000000007,True,33.936875
2026-05-16T18:54:39.108350,ghamadi,ghamadi_s2_a31.mp3,ghamadi,11.9,0.3000000000000007,True,21.148625
2026-05-16T18:54:39.145390,ghamadi,ghamadi_s2_a32.mp3,ghamadi,11.9,0.3000000000000007,True,13.3611875
2026-05-16T18:54:39.334858,ghamadi,ghamadi_s2_a33.mp3,ghamadi,11.9,0.3000000000000007,True,37.4789375
2026-05-16T18:54:39.379656,ghamadi,ghamadi_s2_a34.mp3,ghamadi,12.1,0.1999999999999993,True,16.4085
2026-05-16T18:54:39.431164,ghamadi,ghamadi_s2_a35.mp3,ghamadi,11.9,0.3000000000000007,True,19.1693125
2026-05-16T18:54:39.480637,ghamadi,ghamadi_s2_a36.mp3,ghamadi,11.9,0.3000000000000007,True,19.800875
2026-05-16T18:54:39.523332,ghamadi,ghamadi_s2_a37.mp3,ghamadi,11.8,0.20000000000000107,True,12.6319375
2026-05-16T18:54:39.580582,ghamadi,ghamadi_s2_a38.mp3,ghamadi,11.9,0.3000000000000007,True,21.6555625
2026-05-16T18:54:39.659240,ghamadi,ghamadi_s2_a39.mp3,ghamadi,12.0,0.40000000000000036,True,17.4504375
2026-05-16T18:54:39.724311,ghamadi,ghamadi_s2_a4.mp3,ghamadi,11.9,0.3000000000000007,True,14.4550625
2026-05-16T18:54:39.763054,ghamadi,ghamadi_s2_a40.mp3,ghamadi,11.8,0.20000000000000107,True,18.129
2026-05-16T18:54:39.809437,ghamadi,ghamadi_s2_a41.mp3,ghamadi,11.9,0.3000000000000007,True,22.112375
2026-05-16T18:54:39.865142,ghamadi,ghamadi_s2_a42.mp3,ghamadi,12.0,0.1999999999999993,True,9.4545625
2026-05-16T18:54:39.887638,ghamadi,ghamadi_s2_a43.mp3,ghamadi,11.9,0.3000000000000007,True,7.4971875
2026-05-16T18:54:39.960274,ghamadi,ghamadi_s2_a44.mp3,ghamadi,11.9,0.3000000000000007,True,15.2884375
2026-05-16T18:54:39.992967,ghamadi,ghamadi_s2_a45.mp3,ghamadi,12.0,0.40000000000000036,True,11.5901875
2026-05-16T18:54:40.028853,ghamadi,ghamadi_s2_a46.mp3,ghamadi,11.8,0.20000000000000107,True,11.2775625
2026-05-16T18:54:40.070540,ghamadi,ghamadi_s2_a47.mp3,ghamadi,11.9,0.3000000000000007,True,15.0020625
2026-05-16T18:54:40.159920,ghamadi,ghamadi_s2_a48.mp3,ghamadi,11.9,0.3000000000000007,True,19.7225
2026-05-16T18:54:40.226719,ghamadi,ghamadi_s2_a49.mp3,ghamadi,11.9,0.3000000000000007,True,29.535125
2026-05-16T18:54:40.297479,ghamadi,ghamadi_s2_a5.mp3,ghamadi,11.9,0.3000000000000007,True,11.78125
2026-05-16T18:54:40.331486,ghamadi,ghamadi_s2_a50.mp3,ghamadi,11.8,0.20000000000000107,True,12.78825
2026-05-16T18:54:40.370059,ghamadi,ghamadi_s2_a51.mp3,ghamadi,11.9,0.3000000000000007,True,14.1845
2026-05-16T18:54:40.412813,ghamadi,ghamadi_s2_a6.mp3,ghamadi,11.9,0.40000000000000036,True,13.8299375
2026-05-16T18:54:40.460726,ghamadi,ghamadi_s2_a7.mp3,ghamadi,11.9,0.3000000000000007,True,15.13225
2026-05-16T18:54:40.494859,ghamadi,ghamadi_s2_a8.mp3,ghamadi,11.8,0.20000000000000107,True,11.57225
2026-05-16T18:54:40.538888,ghamadi,ghamadi_s2_a9.mp3,ghamadi,12.0,0.40000000000000036,True,13.0745625
2026-05-16T18:54:40.641911,muaiqly,muaiqly_s2_a10.mp3,muaiqly,12.2,0.6999999999999993,True,10.448
2026-05-16T18:54:40.665411,muaiqly,muaiqly_s2_a11.mp3,muaiqly,12.2,0.7999999999999989,True,7.7315
2026-05-16T18:54:40.693323,muaiqly,muaiqly_s2_a12.mp3,muaiqly,12.3,0.8000000000000007,True,6.895625
2026-05-16T18:54:40.754878,muaiqly,muaiqly_s2_a13.mp3,muaiqly,12.4,0.40000000000000036,True,18.806375
2026-05-16T18:54:40.817937,muaiqly,muaiqly_s2_a14.mp3,muaiqly,12.4,0.7000000000000011,True,18.02275
2026-05-16T18:54:40.843795,muaiqly,muaiqly_s2_a15.mp3,muaiqly,12.3,0.9000000000000004,True,6.2949375
2026-05-16T18:54:40.878857,muaiqly,muaiqly_s2_a16.mp3,muaiqly,12.5,0.8000000000000007,True,10.6569375
2026-05-16T18:54:40.931318,muaiqly,muaiqly_s2_a17.mp3,muaiqly,12.3,0.9000000000000004,True,16.194375
2026-05-16T18:54:40.955563,muaiqly,muaiqly_s2_a18.mp3,muaiqly,12.1,0.5999999999999996,True,5.903125
2026-05-16T18:54:41.028351,muaiqly,muaiqly_s2_a19.mp3,muaiqly,12.3,1.0,True,18.4929375
2026-05-16T18:54:41.050426,muaiqly,muaiqly_s2_a2.mp3,muaiqly,12.2,0.8999999999999986,True,5.6680625
2026-05-16T18:54:41.142639,muaiqly,muaiqly_s2_a20.mp3,muaiqly,12.3,0.7000000000000011,True,24.2915
2026-05-16T18:54:41.220427,muaiqly,muaiqly_s2_a21.mp3,muaiqly,12.2,0.8999999999999986,True,13.086125
2026-05-16T18:54:41.295719,muaiqly,muaiqly_s2_a22.mp3,muaiqly,12.3,0.8000000000000007,True,21.5750625
2026-05-16T18:54:41.362694,muaiqly,muaiqly_s2_a23.mp3,muaiqly,12.2,0.7999999999999989,True,22.1758125
2026-05-16T18:54:41.405091,muaiqly,muaiqly_s2_a24.mp3,muaiqly,12.0,0.5999999999999996,True,12.015125
2026-05-16T18:54:41.594295,muaiqly,muaiqly_s2_a25.mp3,muaiqly,12.2,0.6999999999999993,True,35.0790625
2026-05-16T18:54:41.745734,muaiqly,muaiqly_s2_a26.mp3,muaiqly,12.5,1.0999999999999996,True,31.004375
2026-05-16T18:54:41.808027,muaiqly,muaiqly_s2_a27.mp3,muaiqly,12.4,1.0,True,19.250375
2026-05-16T18:54:41.854959,muaiqly,muaiqly_s2_a28.mp3,muaiqly,12.2,0.6999999999999993,True,14.00025
2026-05-16T18:54:41.922663,muaiqly,muaiqly_s2_a29.mp3,muaiqly,12.5,1.0999999999999996,True,21.0004375
2026-05-16T18:54:41.971284,muaiqly,muaiqly_s2_a3.mp3,muaiqly,12.2,0.8999999999999986,True,7.78375
2026-05-16T18:54:42.063237,muaiqly,muaiqly_s2_a30.mp3,muaiqly,12.3,1.0,True,22.93325
2026-05-16T18:54:42.152954,muaiqly,muaiqly_s2_a31.mp3,muaiqly,12.3,0.7000000000000011,True,19.825
2026-05-16T18:54:42.214710,muaiqly,muaiqly_s2_a32.mp3,muaiqly,12.4,0.8000000000000007,True,10.108375
2026-05-16T18:54:42.294165,muaiqly,muaiqly_s2_a33.mp3,muaiqly,12.3,1.0,True,24.0041875
2026-05-16T18:54:42.346724,muaiqly,muaiqly_s2_a34.mp3,muaiqly,12.3,0.9000000000000004,True,15.9593125
2026-05-16T18:54:42.399610,muaiqly,muaiqly_s2_a35.mp3,muaiqly,12.3,0.9000000000000004,True,14.078625
2026-05-16T18:54:42.449608,muaiqly,muaiqly_s2_a36.mp3,muaiqly,12.2,0.7999999999999989,True,15.20175
2026-05-16T18:54:42.493453,muaiqly,muaiqly_s2_a37.mp3,muaiqly,12.2,0.7999999999999989,True,11.754
2026-05-16T18:54:42.580715,muaiqly,muaiqly_s2_a38.mp3,muaiqly,12.3,0.8000000000000007,True,19.77275
2026-05-16T18:54:42.664009,muaiqly,muaiqly_s2_a39.mp3,muaiqly,12.3,0.9000000000000004,True,16.3249375
2026-05-16T18:54:42.709792,muaiqly,muaiqly_s2_a4.mp3,muaiqly,12.4,1.0,True,10.50025
2026-05-16T18:54:42.755624,muaiqly,muaiqly_s2_a40.mp3,muaiqly,12.4,1.0,True,14.10475
2026-05-16T18:54:42.806916,muaiqly,muaiqly_s2_a41.mp3,muaiqly,12.2,0.6999999999999993,True,15.541375
2026-05-16T18:54:42.834355,muaiqly,muaiqly_s2_a42.mp3,muaiqly,12.0,0.5,True,6.4255
2026-05-16T18:54:42.860282,muaiqly,muaiqly_s2_a43.mp3,muaiqly,12.0,0.5,True,5.38075
2026-05-16T18:54:42.936180,muaiqly,muaiqly_s2_a44.mp3,muaiqly,12.1,0.5,True,13.2166875
2026-05-16T18:54:42.964146,muaiqly,muaiqly_s2_a45.mp3,muaiqly,12.3,0.8000000000000007,True,7.4180625
2026-05-16T18:54:43.005540,muaiqly,muaiqly_s2_a46.mp3,muaiqly,12.1,0.5999999999999996,True,12.067375
2026-05-16T18:54:43.051980,muaiqly,muaiqly_s2_a47.mp3,muaiqly,12.3,0.8000000000000007,True,11.780125
2026-05-16T18:54:43.098252,muaiqly,muaiqly_s2_a48.mp3,muaiqly,12.2,0.6999999999999993,True,13.45175
2026-05-16T18:54:43.178449,muaiqly,muaiqly_s2_a49.mp3,muaiqly,12.2,0.6999999999999993,True,21.2355
2026-05-16T18:54:43.210654,muaiqly,muaiqly_s2_a5.mp3,muaiqly,12.3,0.7000000000000011,True,8.0971875
2026-05-16T18:54:43.245478,muaiqly,muaiqly_s2_a50.mp3,muaiqly,12.1,0.5999999999999996,True,9.3509375
2026-05-16T18:54:43.293975,muaiqly,muaiqly_s2_a51.mp3,muaiqly,12.2,0.6999999999999993,True,10.0039375
2026-05-16T18:54:43.363965,muaiqly,muaiqly_s2_a6.mp3,muaiqly,12.4,0.8000000000000007,True,9.8995
2026-05-16T18:54:43.396026,muaiqly,muaiqly_s2_a7.mp3,muaiqly,12.6,0.5,True,9.716625
2026-05-16T18:54:43.431873,muaiqly,muaiqly_s2_a8.mp3,muaiqly,12.5,0.8000000000000007,True,11.4144375
2026-05-16T18:54:43.474209,muaiqly,muaiqly_s2_a9.mp3,muaiqly,12.4,0.8000000000000007,True,10.1345
2026-05-16T18:54:43.492301,muaiqly,muaiqly_s55_a1.mp3,muaiqly,11.7,0.29999999999999893,True,2.847125
2026-05-16T18:54:43.512287,muaiqly,muaiqly_s55_a10.mp3,muaiqly,11.7,0.29999999999999893,True,3.6045625
2026-05-16T18:54:43.535961,muaiqly,muaiqly_s55_a11.mp3,muaiqly,11.6,0.29999999999999893,True,4.8844375
2026-05-16T18:54:43.562046,muaiqly,muaiqly_s55_a12.mp3,muaiqly,11.5,0.1999999999999993,True,3.6568125
2026-05-16T18:54:43.594395,muaiqly,muaiqly_s55_a13.mp3,muaiqly,11.7,0.3999999999999986,True,5.27625
2026-05-16T18:54:43.628001,muaiqly,muaiqly_s55_a14.mp3,muaiqly,11.6,0.1999999999999993,True,5.6680625
2026-05-16T18:54:43.674407,muaiqly,muaiqly_s55_a15.mp3,muaiqly,11.7,0.29999999999999893,True,6.8173125
2026-05-16T18:54:43.689454,muaiqly,muaiqly_s55_a2.mp3,muaiqly,11.7,0.1999999999999993,True,1.488875
2026-05-16T18:54:43.705918,muaiqly,muaiqly_s55_a3.mp3,muaiqly,11.6,0.09999999999999964,True,1.959
2026-05-16T18:54:43.728700,muaiqly,muaiqly_s55_a4.mp3,muaiqly,11.6,0.1999999999999993,True,2.2724375
2026-05-16T18:54:43.752416,muaiqly,muaiqly_s55_a5.mp3,muaiqly,11.6,0.1999999999999993,True,3.6306875
2026-05-16T18:54:43.778341,muaiqly,muaiqly_s55_a6.mp3,muaiqly,11.6,0.1999999999999993,True,3.474
2026-05-16T18:54:43.811591,muaiqly,muaiqly_s55_a7.mp3,muaiqly,11.7,0.1999999999999993,True,5.3285
2026-05-16T18:54:43.830583,muaiqly,muaiqly_s55_a8.mp3,muaiqly,11.7,0.29999999999999893,True,2.481375
2026-05-16T18:54:43.861996,muaiqly,muaiqly_s55_a9.mp3,muaiqly,11.6,0.1999999999999993,True,5.015
2026-05-16T18:54:43.889994,muaiqly,muaiqly_s67_a1.mp3,muaiqly,12.2,0.5999999999999996,True,6.03375
2026-05-16T18:54:43.925806,muaiqly,muaiqly_s67_a10.mp3,muaiqly,12.1,0.5999999999999996,True,7.209125
2026-05-16T18:54:43.980919,muaiqly,muaiqly_s67_a2.mp3,muaiqly,12.0,0.40000000000000036,True,8.489
2026-05-16T18:54:44.043445,muaiqly,muaiqly_s67_a3.mp3,muaiqly,12.0,0.5,True,11.6495
2026-05-16T18:54:44.078108,muaiqly,muaiqly_s67_a4.mp3,muaiqly,12.0,0.5,True,7.57475
2026-05-16T18:54:44.170301,muaiqly,muaiqly_s67_a5.mp3,muaiqly,12.2,0.5,True,13.7651875
2026-05-16T18:54:44.203905,muaiqly,muaiqly_s67_a6.mp3,muaiqly,12.2,0.6999999999999993,True,5.82475
2026-05-16T18:54:44.240028,muaiqly,muaiqly_s67_a7.mp3,muaiqly,12.0,0.5,True,7.2875
2026-05-16T18:54:44.304817,muaiqly,muaiqly_s67_a8.mp3,muaiqly,12.1,0.40000000000000036,True,14.130875
2026-05-16T18:54:44.360578,muaiqly,muaiqly_s67_a9.mp3,muaiqly,12.1,0.5,True,12.380875
2026-05-16T18:54:44.468952,muaiqly,muaqily1.mp3,muaiqly,12.3,0.7000000000000011,True,24.2915
2026-05-16T18:54:44.551680,muaiqly,muaqily2.mp3,muaiqly,12.3,1.0,True,24.0041875
2026-05-16T18:54:44.725155,muaiqly,muaqily3.mp3,muaiqly,12.6,1.0999999999999996,True,29.593875
2026-05-16T18:54:44.812270,muaiqly,muaqily4.mp3,muaiqly,12.7,1.0999999999999996,True,20.713125
2026-05-16T18:54:44.878252,qatami,qatami_s2_a10.mp3,qatami,12.3,0.7000000000000011,True,15.72575
2026-05-16T18:54:44.939784,qatami,qatami_s2_a11.mp3,qatami,12.2,0.5999999999999996,True,10.5535
2026-05-16T18:54:44.977531,qatami,qatami_s2_a12.mp3,qatami,12.1,0.5,True,8.2025
2026-05-16T18:54:45.089708,qatami,qatami_s2_a13.mp3,qatami,12.2,0.5999999999999996,True,26.909125
2026-05-16T18:54:45.219618,qatami,qatami_s2_a14.mp3,qatami,12.2,0.5999999999999996,True,24.502875
2026-05-16T18:54:45.282099,qatami,qatami_s2_a15.mp3,qatami,12.2,0.5999999999999996,True,13.8971875
2026-05-16T18:54:45.343806,qatami,qatami_s2_a16.mp3,qatami,12.2,0.6999999999999993,True,14.08
2026-05-16T18:54:45.443947,qatami,qatami_s2_a17.mp3,qatami,12.2,0.5999999999999996,True,23.118375
2026-05-16T18:54:45.479019,qatami,qatami_s2_a18.mp3,qatami,12.2,0.6999999999999993,True,7.889
2026-05-16T18:54:45.614451,qatami,qatami_s2_a19.mp3,qatami,12.2,0.6999999999999993,True,26.5665625
2026-05-16T18:54:45.651178,qatami,qatami_s2_a2.mp3,qatami,12.1,0.40000000000000036,True,6.530625
2026-05-16T18:54:45.890161,qatami,qatami_s2_a20.mp3,qatami,12.0,0.5,True,35.89225
2026-05-16T18:54:45.946435,qatami,qatami_s2_a21.mp3,qatami,12.1,0.40000000000000036,True,12.930625
2026-05-16T18:54:46.053410,qatami,qatami_s2_a22.mp3,qatami,12.2,0.5999999999999996,True,26.7233125
2026-05-16T18:54:46.164755,qatami,qatami_s2_a23.mp3,qatami,12.2,0.5,True,26.5143125
2026-05-16T18:54:46.249439,qatami,qatami_s2_a24.mp3,qatami,12.1,0.5,True,19.35675
2026-05-16T18:54:46.496887,qatami,qatami_s2_a25.mp3,qatami,12.2,0.5999999999999996,True,43.1804375
2026-05-16T18:54:46.726884,qatami,qatami_s2_a26.mp3,qatami,12.2,0.5999999999999996,True,40.02825
2026-05-16T18:54:46.832209,qatami,qatami_s2_a27.mp3,qatami,12.2,0.6999999999999993,True,25.5216875
2026-05-16T18:54:46.929805,qatami,qatami_s2_a28.mp3,qatami,11.9,0.40000000000000036,True,21.2375625
2026-05-16T18:54:47.019547,qatami,qatami_s2_a29.mp3,qatami,12.2,0.6999999999999993,True,22.2825
2026-05-16T18:54:47.078053,qatami,qatami_s2_a3.mp3,qatami,12.1,0.40000000000000036,True,10.736375
2026-05-16T18:54:47.277486,qatami,qatami_s2_a30.mp3,qatami,12.1,0.5999999999999996,True,33.724125
2026-05-16T18:54:47.399853,qatami,qatami_s2_a31.mp3,qatami,12.2,0.6999999999999993,True,28.708625
2026-05-16T18:54:47.478013,qatami,qatami_s2_a32.mp3,qatami,12.0,0.5,True,14.44575
2026-05-16T18:54:47.770036,qatami,qatami_s2_a33.mp3,qatami,12.0,0.5,True,37.8133125
2026-05-16T18:54:47.815669,qatami,qatami_s2_a34.mp3,qatami,12.1,0.40000000000000036,True,13.27025
2026-05-16T18:54:47.906418,qatami,qatami_s2_a35.mp3,qatami,12.2,0.5999999999999996,True,19.0955625
2026-05-16T18:54:48.009181,qatami,qatami_s2_a36.mp3,qatami,12.2,0.5999999999999996,True,21.5771875
2026-05-16T18:54:48.078798,qatami,qatami_s2_a37.mp3,qatami,12.3,0.8000000000000007,True,16.0653125
2026-05-16T18:54:48.162001,qatami,qatami_s2_a38.mp3,qatami,12.3,0.8000000000000007,True,19.1739375
2026-05-16T18:54:48.255934,qatami,qatami_s2_a39.mp3,qatami,12.2,0.6999999999999993,True,15.1771875
2026-05-16T18:54:48.309927,qatami,qatami_s2_a4.mp3,qatami,12.2,0.5,True,12.016375
2026-05-16T18:54:48.398176,qatami,qatami_s2_a40.mp3,qatami,12.2,0.6999999999999993,True,17.97225
2026-05-16T18:54:48.494845,qatami,qatami_s2_a41.mp3,qatami,12.2,0.6999999999999993,True,22.308625
2026-05-16T18:54:48.573290,qatami,qatami_s2_a42.mp3,qatami,12.1,0.5999999999999996,True,9.11675
2026-05-16T18:54:48.616829,qatami,qatami_s2_a43.mp3,qatami,12.2,0.6999999999999993,True,9.038375
2026-05-16T18:54:48.693494,qatami,qatami_s2_a44.mp3,qatami,12.2,0.6999999999999993,True,17.4498125
2026-05-16T18:54:48.804280,qatami,qatami_s2_a45.mp3,qatami,12.1,0.5999999999999996,True,25.1298125
2026-05-16T18:54:48.910291,qatami,qatami_s2_a46.mp3,qatami,12.2,0.7999999999999989,True,21.5771875
2026-05-16T18:54:48.994870,qatami,qatami_s2_a47.mp3,qatami,12.2,0.6999999999999993,True,18.8865625
2026-05-16T18:54:49.114935,qatami,qatami_s2_a48.mp3,qatami,12.1,0.6999999999999993,True,27.507
2026-05-16T18:54:49.277363,qatami,qatami_s2_a49.mp3,qatami,12.2,0.7999999999999989,True,31.6343125
2026-05-16T18:54:49.318717,qatami,qatami_s2_a5.mp3,qatami,12.2,0.5999999999999996,True,10.1878125
2026-05-16T18:54:49.416799,qatami,qatami_s2_a50.mp3,qatami,12.1,0.6999999999999993,True,14.3935
2026-05-16T18:54:49.505024,qatami,qatami_s2_a51.mp3,qatami,12.2,0.6999999999999993,True,19.7225
2026-05-16T18:54:49.598682,qatami,qatami_s2_a6.mp3,qatami,12.2,0.5,True,15.4645
2026-05-16T18:54:49.684884,qatami,qatami_s2_a7.mp3,qatami,12.2,0.5999999999999996,True,13.3225
2026-05-16T18:54:49.743796,qatami,qatami_s2_a8.mp3,qatami,12.2,0.5999999999999996,True,12.3298125
2026-05-16T18:54:49.820000,qatami,qatami_s2_a9.mp3,qatami,12.2,0.5999999999999996,True,13.27025
2026-05-16T18:54:49.918302,shatri,shatri_s2_a10.mp3,shatri,11.8,0.20000000000000107,True,16.16825
2026-05-16T18:54:49.970913,shatri,shatri_s2_a11.mp3,shatri,11.8,0.20000000000000107,True,10.3434375
2026-05-16T18:54:50.058216,shatri,shatri_s2_a12.mp3,shatri,11.8,0.3000000000000007,True,10.18675
2026-05-16T18:54:50.167465,shatri,shatri_s2_a13.mp3,shatri,11.8,0.20000000000000107,True,27.582625
2026-05-16T18:54:50.260263,shatri,shatri_s2_a14.mp3,shatri,11.8,0.3000000000000007,True,19.9295
2026-05-16T18:54:50.338884,shatri,shatri_s2_a15.mp3,shatri,11.8,0.20000000000000107,True,8.8285625
2026-05-16T18:54:50.414670,shatri,shatri_s2_a16.mp3,shatri,11.8,0.3000000000000007,True,15.8548125
2026-05-16T18:54:50.502685,shatri,shatri_s2_a17.mp3,shatri,11.8,0.3000000000000007,True,21.705625
2026-05-16T18:54:50.565674,shatri,shatri_s2_a18.mp3,shatri,11.8,0.20000000000000107,True,9.586
2026-05-16T18:54:50.723619,shatri,shatri_s2_a19.mp3,shatri,11.7,0.09999999999999964,True,28.4706875
2026-05-16T18:54:50.769057,shatri,shatri_s2_a2.mp3,shatri,11.8,0.3000000000000007,True,8.2539375
2026-05-16T18:54:50.925457,shatri,shatri_s2_a20.mp3,shatri,11.7,0.09999999999999964,True,32.07525
2026-05-16T18:54:51.059266,shatri,shatri_s2_a21.mp3,shatri,11.7,0.09999999999999964,True,16.899625
2026-05-16T18:54:51.296944,shatri,shatri_s2_a22.mp3,shatri,11.7,0.09999999999999964,True,42.5754375
2026-05-16T18:54:51.419812,shatri,shatri_s2_a23.mp3,shatri,11.7,0.09999999999999964,True,29.3326875
2026-05-16T18:54:51.525007,shatri,shatri_s2_a24.mp3,shatri,11.7,0.09999999999999964,True,25.231875
2026-05-16T18:54:51.756746,shatri,shatri_s2_a25.mp3,shatri,11.8,0.20000000000000107,True,42.0791875
2026-05-16T18:54:52.066638,shatri,shatri_s2_a26.mp3,shatri,11.7,0.1999999999999993,True,42.0530625
2026-05-16T18:54:52.164666,shatri,shatri_s2_a27.mp3,shatri,11.6,0.09999999999999964,True,23.1945
2026-05-16T18:54:52.268918,shatri,shatri_s2_a28.mp3,shatri,11.7,0.1999999999999993,True,15.5675
2026-05-16T18:54:52.379195,shatri,shatri_s2_a29.mp3,shatri,11.7,0.1999999999999993,True,21.757875
2026-05-16T18:54:52.443217,shatri,shatri_s2_a3.mp3,shatri,11.7,0.1999999999999993,True,11.336125
2026-05-16T18:54:52.576384,shatri,shatri_s2_a30.mp3,shatri,11.7,0.1999999999999993,True,29.3326875
2026-05-16T18:54:52.677626,shatri,shatri_s2_a31.mp3,shatri,11.7,0.1999999999999993,True,20.53025
2026-05-16T18:54:52.743593,shatri,shatri_s2_a32.mp3,shatri,11.7,0.1999999999999993,True,12.5636875
2026-05-16T18:54:52.891044,shatri,shatri_s2_a33.mp3,shatri,11.7,0.1999999999999993,True,31.996875
2026-05-16T18:54:53.000461,shatri,shatri_s2_a34.mp3,shatri,11.7,0.09999999999999964,True,18.075
2026-05-16T18:54:53.080101,shatri,shatri_s2_a35.mp3,shatri,11.7,0.1999999999999993,True,18.728
2026-05-16T18:54:53.188988,shatri,shatri_s2_a36.mp3,shatri,11.6,0.09999999999999964,True,19.6683125
2026-05-16T18:54:53.252623,shatri,shatri_s2_a37.mp3,shatri,11.7,0.1999999999999993,True,13.8435625
2026-05-16T18:54:53.339963,shatri,shatri_s2_a38.mp3,shatri,11.7,0.1999999999999993,True,22.04525
2026-05-16T18:54:53.410489,shatri,shatri_s2_a39.mp3,shatri,11.7,0.09999999999999964,True,12.90325
2026-05-16T18:54:53.477310,shatri,shatri_s2_a4.mp3,shatri,11.8,0.3000000000000007,True,15.9593125
2026-05-16T18:54:53.557129,shatri,shatri_s2_a40.mp3,shatri,11.6,0.09999999999999964,True,17.6309375
2026-05-16T18:54:53.628933,shatri,shatri_s2_a41.mp3,shatri,11.6,0.09999999999999964,True,19.43325
2026-05-16T18:54:53.676809,shatri,shatri_s2_a42.mp3,shatri,11.6,0.09999999999999964,True,7.9405
2026-05-16T18:54:53.754009,shatri,shatri_s2_a43.mp3,basfar,12.0,0.3000000000000007,False,8.6979375
2026-05-16T18:54:53.819122,shatri,shatri_s2_a44.mp3,shatri,11.7,0.09999999999999964,True,14.0525
2026-05-16T18:54:53.880914,shatri,shatri_s2_a45.mp3,shatri,11.6,0.09999999999999964,True,12.04125
2026-05-16T18:54:53.944588,shatri,shatri_s2_a46.mp3,shatri,11.6,0.09999999999999964,True,11.4144375
2026-05-16T18:54:54.016029,shatri,shatri_s2_a47.mp3,shatri,11.6,0.09999999999999964,True,15.8809375
2026-05-16T18:54:54.114060,shatri,shatri_s2_a48.mp3,shatri,11.6,0.09999999999999964,True,21.7339375
2026-05-16T18:54:54.227087,shatri,shatri_s2_a49.mp3,shatri,11.7,0.1999999999999993,True,25.8586875
2026-05-16T18:54:54.294412,shatri,shatri_s2_a5.mp3,shatri,11.8,0.3000000000000007,True,12.79875
2026-05-16T18:54:54.357303,shatri,shatri_s2_a50.mp3,shatri,11.6,0.09999999999999964,True,11.884625
2026-05-16T18:54:54.418105,shatri,shatri_s2_a51.mp3,shatri,11.6,0.09999999999999964,True,13.1644375
2026-05-16T18:54:54.495254,shatri,shatri_s2_a6.mp3,shatri,11.8,0.3000000000000007,True,15.227875
2026-05-16T18:54:54.580684,shatri,shatri_s2_a7.mp3,shatri,11.7,0.1999999999999993,True,14.4965625
2026-05-16T18:54:54.692080,shatri,shatri_s2_a8.mp3,shatri,11.8,0.3000000000000007,True,15.672
2026-05-16T18:54:54.758990,shatri,shatri_s2_a9.mp3,shatri,11.8,0.3000000000000007,True,13.477875
2026-05-16T18:54:54.820703,sudais,sudais_s2_a10.mp3,sudais,12.2,0.8999999999999986,True,13.348625
2026-05-16T18:54:54.867923,sudais,sudais_s2_a11.mp3,sudais,12.2,0.8999999999999986,True,9.6653125
2026-05-16T18:54:54.907423,sudais,sudais_s2_a12.mp3,sudais,12.2,0.8999999999999986,True,7.3926875
2026-05-16T18:54:55.027923,sudais,sudais_s2_a13.mp3,sudais,12.5,1.3000000000000007,True,20.3233125
2026-05-16T18:54:55.116379,sudais,sudais_s2_a14.mp3,sudais,12.5,1.1999999999999993,True,15.856375
2026-05-16T18:54:55.159787,sudais,sudais_s2_a15.mp3,sudais,12.2,0.8999999999999986,True,7.862875
2026-05-16T18:54:55.215699,sudais,sudais_s2_a16.mp3,sudais,12.5,1.1999999999999993,True,11.3371875
2026-05-16T18:54:55.302632,sudais,sudais_s2_a17.mp3,sudais,12.4,1.0999999999999996,True,19.35675
2026-05-16T18:54:55.342902,sudais,sudais_s2_a18.mp3,sudais,12.3,0.9000000000000004,True,7.6539375
2026-05-16T18:54:55.442232,sudais,sudais_s2_a19.mp3,sudais,12.3,1.1000000000000014,True,20.84575
2026-05-16T18:54:55.480548,sudais,sudais_s2_a2.mp3,sudais,12.3,1.1000000000000014,True,6.844125
2026-05-16T18:54:55.611535,sudais,sudais_s2_a20.mp3,sudais,12.5,1.1999999999999993,True,25.1298125
2026-05-16T18:54:55.676727,sudais,sudais_s2_a21.mp3,sudais,12.4,1.0,True,11.57225
2026-05-16T18:54:55.806285,sudais,sudais_s2_a22.mp3,sudais,12.6,1.299999999999999,True,25.7045
2026-05-16T18:54:55.899803,sudais,sudais_s2_a23.mp3,sudais,12.3,0.9000000000000004,True,19.67025
2026-05-16T18:54:55.976809,sudais,sudais_s2_a24.mp3,sudais,12.4,1.200000000000001,True,14.707
2026-05-16T18:54:56.202334,sudais,sudais_s2_a25.mp3,sudais,12.5,1.3000000000000007,True,39.1575625
2026-05-16T18:54:56.402144,sudais,sudais_s2_a26.mp3,sudais,12.3,1.0,True,36.6759375
2026-05-16T18:54:56.463070,sudais,sudais_s2_a27.mp3,sudais,12.4,1.0999999999999996,True,18.102875
2026-05-16T18:54:56.558171,sudais,sudais_s2_a28.mp3,sudais,12.4,1.0,True,14.9420625
2026-05-16T18:54:56.631125,sudais,sudais_s2_a29.mp3,sudais,12.5,1.1999999999999993,True,17.5020625
2026-05-16T18:54:56.694003,sudais,sudais_s2_a3.mp3,sudais,12.6,1.4000000000000004,True,10.840875
2026-05-16T18:54:56.800875,sudais,sudais_s2_a30.mp3,sudais,12.5,1.3000000000000007,True,26.3836875
2026-05-16T18:54:56.896001,sudais,sudais_s2_a31.mp3,sudais,12.5,1.3000000000000007,True,18.547
2026-05-16T18:54:56.979198,sudais,sudais_s2_a32.mp3,sudais,12.6,1.4000000000000004,True,11.2326875
2026-05-16T18:54:57.114316,sudais,sudais_s2_a33.mp3,sudais,12.5,1.1999999999999993,True,26.2791875
2026-05-16T18:54:57.176407,sudais,sudais_s2_a34.mp3,sudais,12.3,1.1000000000000014,True,12.2775625
2026-05-16T18:54:57.293291,sudais,sudais_s2_a35.mp3,sudais,12.5,1.3000000000000007,True,17.3453125
2026-05-16T18:54:57.370510,sudais,sudais_s2_a36.mp3,sudais,12.5,1.1999999999999993,True,17.1625
2026-05-16T18:54:57.426976,sudais,sudais_s2_a37.mp3,sudais,12.5,1.3000000000000007,True,11.3371875
2026-05-16T18:54:57.511038,sudais,sudais_s2_a38.mp3,sudais,12.5,1.1999999999999993,True,15.438375
2026-05-16T18:54:57.575316,sudais,sudais_s2_a39.mp3,sudais,12.5,1.3000000000000007,True,12.2514375
2026-05-16T18:54:57.642492,sudais,sudais_s2_a4.mp3,sudais,12.7,1.5,True,12.7216875
2026-05-16T18:54:57.712250,sudais,sudais_s2_a40.mp3,sudais,12.5,1.1999999999999993,True,13.7926875
2026-05-16T18:54:57.811455,sudais,sudais_s2_a41.mp3,sudais,12.5,1.1999999999999993,True,18.9126875
2026-05-16T18:54:57.912598,sudais,sudais_s2_a42.mp3,sudais,12.6,1.299999999999999,True,8.986125
2026-05-16T18:54:57.952821,sudais,sudais_s2_a43.mp3,sudais,12.5,1.4000000000000004,True,9.169
2026-05-16T18:54:58.014925,sudais,sudais_s2_a44.mp3,sudais,12.3,1.0,True,12.2253125
2026-05-16T18:54:58.086349,sudais,sudais_s2_a45.mp3,sudais,12.5,1.3000000000000007,True,8.4636875
2026-05-16T18:54:58.134467,sudais,sudais_s2_a46.mp3,sudais,12.6,1.299999999999999,True,9.32575
2026-05-16T18:54:58.224776,sudais,sudais_s2_a47.mp3,sudais,12.5,1.3000000000000007,True,12.2253125
2026-05-16T18:54:58.319211,sudais,sudais_s2_a48.mp3,sudais,12.5,1.3000000000000007,True,15.0726875
2026-05-16T18:54:58.426984,sudais,sudais_s2_a49.mp3,sudais,12.6,1.299999999999999,True,21.1591875
2026-05-16T18:54:58.477321,sudais,sudais_s2_a5.mp3,sudais,12.5,1.3000000000000007,True,9.6391875
2026-05-16T18:54:58.541376,sudais,sudais_s2_a50.mp3,sudais,12.6,1.1999999999999993,True,10.527375
2026-05-16T18:54:58.603218,sudais,sudais_s2_a51.mp3,sudais,12.5,1.3000000000000007,True,10.9191875
2026-05-16T18:54:58.669141,sudais,sudais_s2_a6.mp3,sudais,12.6,1.4000000000000004,True,15.4645
2026-05-16T18:54:58.730450,sudais,sudais_s2_a7.mp3,sudais,12.7,1.5,True,12.068625
2026-05-16T18:54:58.793551,sudais,sudais_s2_a8.mp3,sudais,12.5,1.1999999999999993,True,11.729
2026-05-16T18:54:58.884940,sudais,sudais_s2_a9.mp3,sudais,12.6,1.299999999999999,True,11.3894375
